gene,gene_symbol,entrez_id
AAMP (14),AAMP,14
AARS1 (16),AARS1,16
AARS2 (57505),AARS2,57505
AASDHPPT (60496),AASDHPPT,60496
AATF (26574),AATF,26574
ABCB10 (23456),ABCB10,23456
ABCB7 (22),ABCB7,22
ABCE1 (6059),ABCE1,6059
ABCF1 (23),ABCF1,23
ABHD11 (83451),ABHD11,83451
ABHD17A (81926),ABHD17A,81926
ABT1 (29777),ABT1,29777
ACD (65057),ACD,65057
ACIN1 (22985),ACIN1,22985
ACTB (60),ACTB,60
ACTG1 (71),ACTG1,71
ACTL6A (86),ACTL6A,86
ACTR10 (55860),ACTR10,55860
ACTR1A (10121),ACTR1A,10121
ACTR1B (10120),ACTR1B,10120
ACTR2 (10097),ACTR2,10097
ACTR6 (64431),ACTR6,64431
ACTR8 (93973),ACTR8,93973
ADAMTS7 (11173),ADAMTS7,11173
ADAT2 (134637),ADAT2,134637
ADRM1 (11047),ADRM1,11047
ADSL (158),ADSL,158
AFG3L2 (10939),AFG3L2,10939
AGAP5 (729092),AGAP5,729092
AGAP6 (414189),AGAP6,414189
AHCTF1 (25909),AHCTF1,25909
AHCY (191),AHCY,191
AK4 (205),AK4,205
AK6 (102157402),AK6,102157402
AKIRIN2 (55122),AKIRIN2,55122
AKR7A3 (22977),AKR7A3,22977
ALDOA (226),ALDOA,226
ALG1 (56052),ALG1,56052
ALG11 (440138),ALG11,440138
ALG13 (79868),ALG13,79868
ALG14 (199857),ALG14,199857
ALG1L (200810),ALG1L,200810
ALG2 (85365),ALG2,85365
ALYREF (10189),ALYREF,10189
ANAPC1 (64682),ANAPC1,64682
ANAPC11 (51529),ANAPC11,51529
ANAPC13 (25847),ANAPC13,25847
ANAPC15 (25906),ANAPC15,25906
ANAPC2 (29882),ANAPC2,29882
ANAPC4 (29945),ANAPC4,29945
ANAPC5 (51433),ANAPC5,51433
ANKLE2 (23141),ANKLE2,23141
ANKRD49 (54851),ANKRD49,54851
ANKS6 (203286),ANKS6,203286
ANLN (54443),ANLN,54443
AP2M1 (1173),AP2M1,1173
AP2S1 (1175),AP2S1,1175
AQP7 (364),AQP7,364
AQR (9716),AQR,9716
ARCN1 (372),ARCN1,372
ARF4 (378),ARF4,378
ARFRP1 (10139),ARFRP1,10139
ARGFX (503582),ARGFX,503582
ARGLU1 (55082),ARGLU1,55082
ARIH1 (25820),ARIH1,25820
ARL2 (402),ARL2,402
ARL4D (379),ARL4D,379
ARMC7 (79637),ARMC7,79637
ARPC3 (10094),ARPC3,10094
ARPC4 (10093),ARPC4,10093
ASF1B (55723),ASF1B,55723
ASNS (440),ASNS,440
ASS1 (445),ASS1,445
ATF4 (468),ATF4,468
ATL2 (64225),ATL2,64225
ATP1A1 (476),ATP1A1,476
ATP1B3 (483),ATP1B3,483
ATP2A2 (488),ATP2A2,488
ATP5F1B (506),ATP5F1B,506
ATP5F1C (509),ATP5F1C,509
ATP5F1D (513),ATP5F1D,513
ATP5F1E (514),ATP5F1E,514
ATP5MF (9551),ATP5MF,9551
ATP5MG (10632),ATP5MG,10632
ATP5PO (539),ATP5PO,539
ATP6AP1 (537),ATP6AP1,537
ATP6AP2 (10159),ATP6AP2,10159
ATP6V0B (533),ATP6V0B,533
ATP6V0C (527),ATP6V0C,527
ATP6V0D1 (9114),ATP6V0D1,9114
ATP6V1A (523),ATP6V1A,523
ATP6V1B2 (526),ATP6V1B2,526
ATP6V1C1 (528),ATP6V1C1,528
ATP6V1D (51382),ATP6V1D,51382
ATP6V1E1 (529),ATP6V1E1,529
ATP6V1F (9296),ATP6V1F,9296
ATP6V1G1 (9550),ATP6V1G1,9550
ATP6V1H (51606),ATP6V1H,51606
ATR (545),ATR,545
ATRIP (84126),ATRIP,84126
AURKA (6790),AURKA,6790
AURKAIP1 (54998),AURKAIP1,54998
AURKB (9212),AURKB,9212
BAK1 (578),BAK1,578
BANF1 (8815),BANF1,8815
BANP (54971),BANP,54971
BARD1 (580),BARD1,580
BBLN (79095),BBLN,79095
BCAR1 (9564),BCAR1,9564
BCAS2 (10286),BCAS2,10286
BCL2L1 (598),BCL2L1,598
BCLAF1 (9774),BCLAF1,9774
BCS1L (617),BCS1L,617
BDP1 (55814),BDP1,55814
BIRC5 (332),BIRC5,332
BMS1 (9790),BMS1,9790
BOP1 (23246),BOP1,23246
BORA (79866),BORA,79866
BPTF (2186),BPTF,2186
BRCA1 (672),BRCA1,672
BRCA2 (675),BRCA2,675
BRD4 (23476),BRD4,23476
BRD8 (10902),BRD8,10902
BRF1 (2972),BRF1,2972
BRF2 (55290),BRF2,55290
BRIP1 (83990),BRIP1,83990
BRIX1 (55299),BRIX1,55299
BTF3 (689),BTF3,689
BTF3L4 (91408),BTF3L4,91408
BUB1 (699),BUB1,699
BUB1B (701),BUB1B,701
BUB3 (9184),BUB3,9184
BUD13 (84811),BUD13,84811
BUD23 (114049),BUD23,114049
BUD31 (8896),BUD31,8896
BYSL (705),BYSL,705
C16orf86 (388284),C16orf86,388284
C17orf58 (284018),C17orf58,284018
C19orf25 (148223),C19orf25,148223
C19orf53 (28974),C19orf53,28974
C1D (10438),C1D,10438
C1QTNF4 (114900),C1QTNF4,114900
C1orf109 (54955),C1orf109,54955
C7orf26 (79034),C7orf26,79034
C7orf50 (84310),C7orf50,84310
C9orf78 (51759),C9orf78,51759
CACNB3 (784),CACNB3,784
CACTIN (58509),CACTIN,58509
CADM4 (199731),CADM4,199731
CAP1 (10487),CAP1,10487
CAPZB (832),CAPZB,832
CARS1 (833),CARS1,833
CBWD2 (150472),CBWD2,150472
CBX1 (10951),CBX1,10951
CCAR1 (55749),CCAR1,55749
CCDC115 (84317),CCDC115,84317
CCDC144A (9720),CCDC144A,9720
CCDC174 (51244),CCDC174,51244
CCDC59 (29080),CCDC59,29080
CCDC86 (79080),CCDC86,79080
CCNA2 (890),CCNA2,890
CCNB1 (891),CCNB1,891
CCNH (902),CCNH,902
CCNK (8812),CCNK,8812
CCT2 (10576),CCT2,10576
CCT3 (7203),CCT3,7203
CCT4 (10575),CCT4,10575
CCT5 (22948),CCT5,22948
CCT6A (908),CCT6A,908
CCT7 (10574),CCT7,10574
CCT8 (10694),CCT8,10694
CD2BP2 (10421),CD2BP2,10421
CDAN1 (146059),CDAN1,146059
CDC123 (8872),CDC123,8872
CDC16 (8881),CDC16,8881
CDC20 (991),CDC20,991
CDC23 (8697),CDC23,8697
CDC26 (246184),CDC26,246184
CDC27 (996),CDC27,996
CDC37 (11140),CDC37,11140
CDC40 (51362),CDC40,51362
CDC42 (998),CDC42,998
CDC45 (8318),CDC45,8318
CDC5L (988),CDC5L,988
CDC6 (990),CDC6,990
CDC7 (8317),CDC7,8317
CDC73 (79577),CDC73,79577
CDCA5 (113130),CDCA5,113130
CDCA8 (55143),CDCA8,55143
CDIPT (10423),CDIPT,10423
CDK1 (983),CDK1,983
CDK2 (1017),CDK2,1017
CDK4 (1019),CDK4,1019
CDK7 (1022),CDK7,1022
CDK9 (1025),CDK9,1025
CDT1 (81620),CDT1,81620
CEBPZ (10153),CEBPZ,10153
CENATAC (338657),CENATAC,338657
CENPA (1058),CENPA,1058
CENPC (1060),CENPC,1060
CENPE (1062),CENPE,1062
CENPH (64946),CENPH,64946
CENPI (2491),CENPI,2491
CENPK (64105),CENPK,64105
CENPN (55839),CENPN,55839
CENPT (80152),CENPT,80152
CENPW (387103),CENPW,387103
CEP131 (22994),CEP131,22994
CEP192 (55125),CEP192,55125
CEP43 (11116),CEP43,11116
CEP68 (23177),CEP68,23177
CFAP20 (29105),CFAP20,29105
CFAP298 (56683),CFAP298,56683
CFDP1 (10428),CFDP1,10428
CFL1 (1072),CFL1,1072
CHAF1A (10036),CHAF1A,10036
CHAF1B (8208),CHAF1B,8208
CHCHD1 (118487),CHCHD1,118487
CHCHD2 (51142),CHCHD2,51142
CHCHD4 (131474),CHCHD4,131474
CHD4 (1108),CHD4,1108
CHEK1 (1111),CHEK1,1111
CHERP (10523),CHERP,10523
CHMP1A (5119),CHMP1A,5119
CHMP2A (27243),CHMP2A,27243
CHMP3 (51652),CHMP3,51652
CHMP4B (128866),CHMP4B,128866
CHMP5 (51510),CHMP5,51510
CHMP6 (79643),CHMP6,79643
CHMP7 (91782),CHMP7,91782
CHORDC1 (26973),CHORDC1,26973
CHTF18 (63922),CHTF18,63922
CHTF8 (54921),CHTF8,54921
CIAO1 (9391),CIAO1,9391
CIAO2A (84191),CIAO2A,84191
CIAO2B (51647),CIAO2B,51647
CIAO3 (64428),CIAO3,64428
CIAPIN1 (57019),CIAPIN1,57019
CINP (51550),CINP,51550
CKAP5 (9793),CKAP5,9793
CLK2 (1196),CLK2,1196
CLNS1A (1207),CLNS1A,1207
CLP1 (10978),CLP1,10978
CLSPN (63967),CLSPN,63967
CLTC (1213),CLTC,1213
CMPK1 (51727),CMPK1,51727
CMTR1 (23070),CMTR1,23070
CNIH4 (29097),CNIH4,29097
CNN2 (1265),CNN2,1265
CNOT1 (23019),CNOT1,23019
CNOT2 (4848),CNOT2,4848
CNOT3 (4849),CNOT3,4849
CNOT9 (9125),CNOT9,9125
COA7 (65260),COA7,65260
COASY (80347),COASY,80347
COG1 (9382),COG1,9382
COG2 (22796),COG2,22796
COG3 (83548),COG3,83548
COG4 (25839),COG4,25839
COG8 (84342),COG8,84342
COPA (1314),COPA,1314
COPB1 (1315),COPB1,1315
COPB2 (9276),COPB2,9276
COPE (11316),COPE,11316
COPG1 (22820),COPG1,22820
COPS2 (9318),COPS2,9318
COPS3 (8533),COPS3,8533
COPS4 (51138),COPS4,51138
COPS5 (10987),COPS5,10987
COPS6 (10980),COPS6,10980
COPS8 (10920),COPS8,10920
COPZ1 (22818),COPZ1,22818
COQ4 (51117),COQ4,51117
COX15 (1355),COX15,1355
COX17 (10063),COX17,10063
COX5A (9377),COX5A,9377
COX5B (1329),COX5B,1329
COX6A1 (1337),COX6A1,1337
COX6C (1345),COX6C,1345
COX7B (1349),COX7B,1349
COX7C (1350),COX7C,1350
CPAMD8 (27151),CPAMD8,27151
CPNE7 (27132),CPNE7,27132
CPOX (1371),CPOX,1371
CPSF1 (29894),CPSF1,29894
CPSF2 (53981),CPSF2,53981
CPSF3 (51692),CPSF3,51692
CPSF4 (10898),CPSF4,10898
CPSF6 (11052),CPSF6,11052
CRCP (27297),CRCP,27297
CRLS1 (54675),CRLS1,54675
CRNKL1 (51340),CRNKL1,51340
CS (1431),CS,1431
CSE1L (1434),CSE1L,1434
CSNK2B (1460),CSNK2B,1460
CSTF1 (1477),CSTF1,1477
CSTF3 (1479),CSTF3,1479
CTBP2 (1488),CTBP2,1488
CTCF (10664),CTCF,10664
CTDP1 (9150),CTDP1,9150
CTNNBL1 (56259),CTNNBL1,56259
CTPS1 (1503),CTPS1,1503
CTR9 (9646),CTR9,9646
CTU1 (90353),CTU1,90353
CTU2 (348180),CTU2,348180
CUL1 (8454),CUL1,8454
CUL2 (8453),CUL2,8453
CWC22 (57703),CWC22,57703
CWF19L2 (143884),CWF19L2,143884
CYC1 (1537),CYC1,1537
CYCS (54205),CYCS,54205
CYP2A13 (1553),CYP2A13,1553
CYP4F11 (57834),CYP4F11,57834
CYS1 (192668),CYS1,192668
DAD1 (1603),DAD1,1603
DAP3 (7818),DAP3,7818
DARS1 (1615),DARS1,1615
DBF4 (10926),DBF4,10926
DBR1 (51163),DBR1,51163
DCLRE1B (64858),DCLRE1B,64858
DCTN1 (1639),DCTN1,1639
DCTN2 (10540),DCTN2,10540
DCTN3 (11258),DCTN3,11258
DCTN4 (51164),DCTN4,51164
DCTN5 (84516),DCTN5,84516
DCTN6 (10671),DCTN6,10671
DDB1 (1642),DDB1,1642
DDN (23109),DDN,23109
DDOST (1650),DDOST,1650
DDX1 (1653),DDX1,1653
DDX10 (1662),DDX10,1662
DDX11 (1663),DDX11,1663
DDX18 (8886),DDX18,8886
DDX20 (11218),DDX20,11218
DDX21 (9188),DDX21,9188
DDX23 (9416),DDX23,9416
DDX24 (57062),DDX24,57062
DDX27 (55661),DDX27,55661
DDX41 (51428),DDX41,51428
DDX42 (11325),DDX42,11325
DDX46 (9879),DDX46,9879
DDX47 (51202),DDX47,51202
DDX49 (54555),DDX49,54555
DDX5 (1655),DDX5,1655
DDX51 (317781),DDX51,317781
DDX52 (11056),DDX52,11056
DDX54 (79039),DDX54,79039
DDX55 (57696),DDX55,57696
DDX56 (54606),DDX56,54606
DDX59 (83479),DDX59,83479
DDX6 (1656),DDX6,1656
DENR (8562),DENR,8562
DEPDC1 (55635),DEPDC1,55635
DEXI (28955),DEXI,28955
DHDDS (79947),DHDDS,79947
DHFR (1719),DHFR,1719
DHFR2 (200895),DHFR2,200895
DHODH (1723),DHODH,1723
DHPS (1725),DHPS,1725
DHX15 (1665),DHX15,1665
DHX16 (8449),DHX16,8449
DHX33 (56919),DHX33,56919
DHX36 (170506),DHX36,170506
DHX37 (57647),DHX37,57647
DHX8 (1659),DHX8,1659
DHX9 (1660),DHX9,1660
DICER1 (23405),DICER1,23405
DIMT1 (27292),DIMT1,27292
DIS3 (22894),DIS3,22894
DKC1 (1736),DKC1,1736
DMAP1 (55929),DMAP1,55929
DNAAF10 (116143),DNAAF10,116143
DNAJA3 (9093),DNAJA3,9093
DNAJB6 (10049),DNAJB6,10049
DNAJC17 (55192),DNAJC17,55192
DNAJC19 (131118),DNAJC19,131118
DNAJC8 (22826),DNAJC8,22826
DNAJC9 (23234),DNAJC9,23234
DNM1L (10059),DNM1L,10059
DNM2 (1785),DNM2,1785
DNMT1 (1786),DNMT1,1786
DNTTIP2 (30836),DNTTIP2,30836
DOHH (83475),DOHH,83475
DOLK (22845),DOLK,22845
DONSON (29980),DONSON,29980
DPAGT1 (1798),DPAGT1,1798
DPH3 (285381),DPH3,285381
DPH6 (89978),DPH6,89978
DPM2 (8818),DPM2,8818
DPPA2 (151871),DPPA2,151871
DPPA3 (359787),DPPA3,359787
DPPA5 (340168),DPPA5,340168
DPY19L2 (283417),DPY19L2,283417
DR1 (1810),DR1,1810
DRAP1 (10589),DRAP1,10589
DRG1 (4733),DRG1,4733
DSN1 (79980),DSN1,79980
DTL (51514),DTL,51514
DTYMK (1841),DTYMK,1841
DUT (1854),DUT,1854
DUX4 (100288687),DUX4,100288687
DYNC1H1 (1778),DYNC1H1,1778
DYNC1I2 (1781),DYNC1I2,1781
DYNLL1 (8655),DYNLL1,8655
DYNLRB1 (83658),DYNLRB1,83658
E2F6 (1876),E2F6,1876
E4F1 (1877),E4F1,1877
EARS2 (124454),EARS2,124454
EBNA1BP2 (10969),EBNA1BP2,10969
ECD (11319),ECD,11319
ECT2 (1894),ECT2,1894
EDC4 (23644),EDC4,23644
EEF1A1 (1915),EEF1A1,1915
EEF1B2 (1933),EEF1B2,1933
EEF1G (1937),EEF1G,1937
EEF2 (1938),EEF2,1938
EEF2KMT (196483),EEF2KMT,196483
EFL1 (79631),EFL1,79631
EFTUD2 (9343),EFTUD2,9343
EGLN2 (112398),EGLN2,112398
EIF1 (10209),EIF1,10209
EIF1AD (84285),EIF1AD,84285
EIF1AX (1964),EIF1AX,1964
EIF2B1 (1967),EIF2B1,1967
EIF2B2 (8892),EIF2B2,8892
EIF2B3 (8891),EIF2B3,8891
EIF2B4 (8890),EIF2B4,8890
EIF2B5 (8893),EIF2B5,8893
EIF2S1 (1965),EIF2S1,1965
EIF2S2 (8894),EIF2S2,8894
EIF2S3 (1968),EIF2S3,1968
EIF3A (8661),EIF3A,8661
EIF3B (8662),EIF3B,8662
EIF3D (8664),EIF3D,8664
EIF3E (3646),EIF3E,3646
EIF3F (8665),EIF3F,8665
EIF3G (8666),EIF3G,8666
EIF3H (8667),EIF3H,8667
EIF3I (8668),EIF3I,8668
EIF3M (10480),EIF3M,10480
EIF4A1 (1973),EIF4A1,1973
EIF4A3 (9775),EIF4A3,9775
EIF4B (1975),EIF4B,1975
EIF4E (1977),EIF4E,1977
EIF4G1 (1981),EIF4G1,1981
EIF4G2 (1982),EIF4G2,1982
EIF5 (1983),EIF5,1983
EIF5A (1984),EIF5A,1984
EIF5AL1 (143244),EIF5AL1,143244
EIF6 (3692),EIF6,3692
ELAC2 (60528),ELAC2,60528
ELL (8178),ELL,8178
ELOB (6923),ELOB,6923
ELOC (6921),ELOC,6921
ELP1 (8518),ELP1,8518
ELP2 (55250),ELP2,55250
ELP3 (55140),ELP3,55140
ELP5 (23587),ELP5,23587
ELP6 (54859),ELP6,54859
EMC1 (23065),EMC1,23065
EMC3 (55831),EMC3,55831
EMC4 (51234),EMC4,51234
EMC7 (56851),EMC7,56851
ENO1 (2023),ENO1,2023
EP400 (57634),EP400,57634
EPOP (100170841),EPOP,100170841
EPRS1 (2058),EPRS1,2058
ERCC2 (2068),ERCC2,2068
ERCC3 (2071),ERCC3,2071
ERH (2079),ERH,2079
ERVW-1 (30816),ERVW,1
ESF1 (51575),ESF1,51575
ESPL1 (9700),ESPL1,9700
ESPN (83715),ESPN,83715
ESRRA (2101),ESRRA,2101
ESS2 (8220),ESS2,8220
ETF1 (2107),ETF1,2107
EWSR1 (2130),EWSR1,2130
EXOC1 (55763),EXOC1,55763
EXOC2 (55770),EXOC2,55770
EXOC3 (11336),EXOC3,11336
EXOC4 (60412),EXOC4,60412
EXOC5 (10640),EXOC5,10640
EXOC7 (23265),EXOC7,23265
EXOC8 (149371),EXOC8,149371
EXOSC1 (51013),EXOSC1,51013
EXOSC10 (5394),EXOSC10,5394
EXOSC2 (23404),EXOSC2,23404
EXOSC3 (51010),EXOSC3,51010
EXOSC4 (54512),EXOSC4,54512
EXOSC5 (56915),EXOSC5,56915
EXOSC6 (118460),EXOSC6,118460
EXOSC7 (23016),EXOSC7,23016
EXOSC8 (11340),EXOSC8,11340
EXOSC9 (5393),EXOSC9,5393
FABP5 (2171),FABP5,2171
FAF2 (23197),FAF2,23197
FAM133B (257415),FAM133B,257415
FAM136A (84908),FAM136A,84908
FAM32A (26017),FAM32A,26017
FAM50A (9130),FAM50A,9130
FARS2 (10667),FARS2,10667
FARSA (2193),FARSA,2193
FARSB (10056),FARSB,10056
FAU (2197),FAU,2197
FBL (2091),FBL,2091
FBLIM1 (54751),FBLIM1,54751
FBXO5 (26271),FBXO5,26271
FCF1 (51077),FCF1,51077
FDPS (2224),FDPS,2224
FDXR (2232),FDXR,2232
FEM1A (55527),FEM1A,55527
FEN1 (2237),FEN1,2237
FIP1L1 (81608),FIP1L1,81608
FIS1 (51024),FIS1,51024
FNBP4 (23360),FNBP4,23360
FNTA (2339),FNTA,2339
FNTB (2342),FNTB,2342
FOXD4 (2298),FOXD4,2298
FTH1 (2495),FTH1,2495
FTSJ3 (117246),FTSJ3,117246
FXN (2395),FXN,2395
GALP (85569),GALP,85569
GAPDH (2597),GAPDH,2597
GAR1 (54433),GAR1,54433
GARS1 (2617),GARS1,2617
GBF1 (8729),GBF1,8729
GCN1 (10985),GCN1,10985
GCSH (2653),GCSH,2653
GEMIN4 (50628),GEMIN4,50628
GEMIN5 (25929),GEMIN5,25929
GEMIN6 (79833),GEMIN6,79833
GEMIN7 (79760),GEMIN7,79760
GEMIN8 (54960),GEMIN8,54960
GET3 (439),GET3,439
GFER (2671),GFER,2671
GFM1 (85476),GFM1,85476
GGPS1 (9453),GGPS1,9453
GGT1 (2678),GGT1,2678
GGTLC2 (91227),GGTLC2,91227
GINS1 (9837),GINS1,9837
GINS2 (51659),GINS2,51659
GINS3 (64785),GINS3,64785
GINS4 (84296),GINS4,84296
GJA3 (2700),GJA3,2700
GLE1 (2733),GLE1,2733
GLRX5 (51218),GLRX5,51218
GMPPB (29925),GMPPB,29925
GNAQ (2776),GNAQ,2776
GNB1L (54584),GNB1L,54584
GNL2 (29889),GNL2,29889
GNL3 (26354),GNL3,26354
GNL3L (54552),GNL3L,54552
GNPNAT1 (64841),GNPNAT1,64841
GOLGA6A (342096),GOLGA6A,342096
GOSR2 (9570),GOSR2,9570
GPAT2 (150763),GPAT2,150763
GPKOW (27238),GPKOW,27238
GPN1 (11321),GPN1,11321
GPN2 (54707),GPN2,54707
GPN3 (51184),GPN3,51184
GPS1 (2873),GPS1,2873
GRPEL1 (80273),GRPEL1,80273
GRWD1 (83743),GRWD1,83743
GSDMA (284110),GSDMA,284110
GSPT1 (2935),GSPT1,2935
GTF2A1 (2957),GTF2A1,2957
GTF2A2 (2958),GTF2A2,2958
GTF2B (2959),GTF2B,2959
GTF2E1 (2960),GTF2E1,2960
GTF2E2 (2961),GTF2E2,2961
GTF2F2 (2963),GTF2F2,2963
GTF2H1 (2965),GTF2H1,2965
GTF2H3 (2967),GTF2H3,2967
GTF2H4 (2968),GTF2H4,2968
GTF3A (2971),GTF3A,2971
GTF3C1 (2975),GTF3C1,2975
GTF3C2 (2976),GTF3C2,2976
GTF3C4 (9329),GTF3C4,9329
GTF3C5 (9328),GTF3C5,9328
GTF3C6 (112495),GTF3C6,112495
GTPBP4 (23560),GTPBP4,23560
GUK1 (2987),GUK1,2987
H2AC20 (8338),H2AC20,8338
H2AC4 (8335),H2AC4,8335
H2AC8 (3012),H2AC8,3012
H2AX (3014),H2AX,3014
H2AZ1 (3015),H2AZ1,3015
H2BC11 (8970),H2BC11,8970
H2BC13 (8340),H2BC13,8340
H2BC14 (8342),H2BC14,8342
H2BC15 (8341),H2BC15,8341
H2BC21 (8349),H2BC21,8349
H2BC4 (8347),H2BC4,8347
H2BC6 (8344),H2BC6,8344
H3-3A (3020),H3,3A
H3C13 (653604),H3C13,653604
HAMP (57817),HAMP,57817
HARS1 (3035),HARS1,3035
HARS2 (23438),HARS2,23438
HAUS1 (115106),HAUS1,115106
HAUS3 (79441),HAUS3,79441
HAUS4 (54930),HAUS4,54930
HAUS5 (23354),HAUS5,23354
HAUS6 (54801),HAUS6,54801
HAUS7 (55559),HAUS7,55559
HAUS8 (93323),HAUS8,93323
HCFC1 (3054),HCFC1,3054
HCRTR1 (3061),HCRTR1,3061
HDAC3 (8841),HDAC3,8841
HEATR1 (55127),HEATR1,55127
HERC2 (8924),HERC2,8924
HGS (9146),HGS,9146
HINFP (25988),HINFP,25988
HIRA (7290),HIRA,7290
HJURP (55355),HJURP,55355
HLA-C (3107),HLA,C
HMGA1 (3159),HMGA1,3159
HMGB1 (3146),HMGB1,3146
HMGB3 (3149),HMGB3,3149
HMGCR (3156),HMGCR,3156
HMGCS1 (3157),HMGCS1,3157
HMGN2 (3151),HMGN2,3151
HNRNPA1L2 (144983),HNRNPA1L2,144983
HNRNPA3 (220988),HNRNPA3,220988
HNRNPC (3183),HNRNPC,3183
HNRNPH1 (3187),HNRNPH1,3187
HNRNPK (3190),HNRNPK,3190
HNRNPL (3191),HNRNPL,3191
HNRNPM (4670),HNRNPM,4670
HNRNPR (10236),HNRNPR,10236
HNRNPU (3192),HNRNPU,3192
HOXC10 (3226),HOXC10,3226
HS6ST1 (9394),HS6ST1,9394
HSCB (150274),HSCB,150274
HSD17B12 (51144),HSD17B12,51144
HSF1 (3297),HSF1,3297
HSP90AB1 (3326),HSP90AB1,3326
HSPA5 (3309),HSPA5,3309
HSPA9 (3313),HSPA9,3313
HSPD1 (3329),HSPD1,3329
HSPE1 (3336),HSPE1,3336
HTATSF1 (27336),HTATSF1,27336
HUWE1 (10075),HUWE1,10075
HYOU1 (10525),HYOU1,10525
HYPK (25764),HYPK,25764
IARS1 (3376),IARS1,3376
IARS2 (55699),IARS2,55699
ICE1 (23379),ICE1,23379
ICE2 (79664),ICE2,79664
IFITM2 (10581),IFITM2,10581
IFITM3 (10410),IFITM3,10410
IGBP1 (3476),IGBP1,3476
IGSF3 (3321),IGSF3,3321
IK (3550),IK,3550
ILF2 (3608),ILF2,3608
ILF3 (3609),ILF3,3609
IMP3 (55272),IMP3,55272
IMP4 (92856),IMP4,92856
IMPDH1 (3614),IMPDH1,3614
INCENP (3619),INCENP,3619
INO80 (54617),INO80,54617
INTS1 (26173),INTS1,26173
INTS11 (54973),INTS11,54973
INTS14 (81556),INTS14,81556
INTS2 (57508),INTS2,57508
INTS3 (65123),INTS3,65123
INTS4 (92105),INTS4,92105
INTS5 (80789),INTS5,80789
INTS7 (25896),INTS7,25896
INTS8 (55656),INTS8,55656
INTS9 (55756),INTS9,55756
IPO11 (51194),IPO11,51194
IPO13 (9670),IPO13,9670
IPO7 (10527),IPO7,10527
IPO9 (55705),IPO9,55705
ISCA2 (122961),ISCA2,122961
ISCU (23479),ISCU,23479
ISG20L2 (81875),ISG20L2,81875
ISY1 (57461),ISY1,57461
JAZF1 (221895),JAZF1,221895
KANSL1 (284058),KANSL1,284058
KANSL2 (54934),KANSL2,54934
KANSL3 (55683),KANSL3,55683
KARS1 (3735),KARS1,3735
KAT5 (10524),KAT5,10524
KAT8 (84148),KAT8,84148
KCMF1 (56888),KCMF1,56888
KCNA10 (3744),KCNA10,3744
KDM2A (22992),KDM2A,22992
KIAA1143 (57456),KIAA1143,57456
KIF11 (3832),KIF11,3832
KIF14 (9928),KIF14,9928
KIF18A (81930),KIF18A,81930
KIF18B (146909),KIF18B,146909
KIF23 (9493),KIF23,9493
KIN (22944),KIN,22944
KLC2 (64837),KLC2,64837
KLF7 (8609),KLF7,8609
KLHL11 (55175),KLHL11,55175
KMT5A (387893),KMT5A,387893
KNL1 (57082),KNL1,57082
KPNB1 (3837),KPNB1,3837
KRAS (3845),KRAS,3845
KRBOX5 (124411),KRBOX5,124411
KRI1 (65095),KRI1,65095
KRR1 (11103),KRR1,11103
KRT10 (3858),KRT10,3858
KRT16 (3868),KRT16,3868
KRT17 (3872),KRT17,3872
KRT18 (3875),KRT18,3875
KRT8 (3856),KRT8,3856
KRTAP21-1 (337977),KRTAP21,1
KRTAP4-2 (85291),KRTAP4,2
KRTAP5-7 (440050),KRTAP5,7
KTI12 (112970),KTI12,112970
LAMTOR4 (389541),LAMTOR4,389541
LARS1 (51520),LARS1,51520
LAS1L (81887),LAS1L,81887
LCN10 (414332),LCN10,414332
LENG8 (114823),LENG8,114823
LETM1 (3954),LETM1,3954
LGALS9B (284194),LGALS9B,284194
LIMS1 (3987),LIMS1,3987
LLPH (84298),LLPH,84298
LONP1 (9361),LONP1,9361
LRPPRC (10128),LRPPRC,10128
LRR1 (122769),LRR1,122769
LRRC37A3 (374819),LRRC37A3,374819
LRRC37B (114659),LRRC37B,114659
LSG1 (55341),LSG1,55341
LSM10 (84967),LSM10,84967
LSM11 (134353),LSM11,134353
LSM12 (124801),LSM12,124801
LSM2 (57819),LSM2,57819
LSM3 (27258),LSM3,27258
LSM4 (25804),LSM4,25804
LSM5 (23658),LSM5,23658
LSM6 (11157),LSM6,11157
LSM7 (51690),LSM7,51690
LSM8 (51691),LSM8,51691
LTO1 (220064),LTO1,220064
LTV1 (84946),LTV1,84946
LUC7L3 (51747),LUC7L3,51747
LYPLA2 (11313),LYPLA2,11313
LYRM4 (57128),LYRM4,57128
MAD2L1 (4085),MAD2L1,4085
MAD2L2 (10459),MAD2L2,10459
MAGOH (4116),MAGOH,4116
MAK16 (84549),MAK16,84549
MANF (7873),MANF,7873
MAP2K2 (5605),MAP2K2,5605
MARS1 (4141),MARS1,4141
MARS2 (92935),MARS2,92935
MASTL (84930),MASTL,84930
MAT2A (4144),MAT2A,4144
MAX (4149),MAX,4149
MBTPS2 (51360),MBTPS2,51360
MCM2 (4171),MCM2,4171
MCM3 (4172),MCM3,4172
MCM3AP (8888),MCM3AP,8888
MCM4 (4173),MCM4,4173
MCM5 (4174),MCM5,4174
MCM6 (4175),MCM6,4175
MCM7 (4176),MCM7,4176
MCMBP (79892),MCMBP,79892
MDM2 (4193),MDM2,4193
MDN1 (23195),MDN1,23195
MED10 (84246),MED10,84246
MED11 (400569),MED11,400569
MED14 (9282),MED14,9282
MED17 (9440),MED17,9440
MED18 (54797),MED18,54797
MED20 (9477),MED20,9477
MED21 (9412),MED21,9412
MED22 (6837),MED22,6837
MED26 (9441),MED26,9441
MED27 (9442),MED27,9442
MED28 (80306),MED28,80306
MED29 (55588),MED29,55588
MED30 (90390),MED30,90390
MED4 (29079),MED4,29079
MED6 (10001),MED6,10001
MED7 (9443),MED7,9443
MED8 (112950),MED8,112950
MED9 (55090),MED9,55090
MEMO1 (51072),MEMO1,51072
MEPCE (56257),MEPCE,56257
METAP2 (10988),METAP2,10988
METTL1 (4234),METTL1,4234
METTL14 (57721),METTL14,57721
METTL15 (196074),METTL15,196074
METTL16 (79066),METTL16,79066
METTL17 (64745),METTL17,64745
METTL3 (56339),METTL3,56339
MEX3A (92312),MEX3A,92312
MFAP1 (4236),MFAP1,4236
MICOS10 (440574),MICOS10,440574
MIOS (54468),MIOS,54468
MIS12 (79003),MIS12,79003
MIS18A (54069),MIS18A,54069
MIS18BP1 (55320),MIS18BP1,55320
MKRN1 (23608),MKRN1,23608
MLST8 (64223),MLST8,64223
MMS19 (64210),MMS19,64210
MMS22L (253714),MMS22L,253714
MNAT1 (4331),MNAT1,4331
MOB4 (25843),MOB4,25843
MOCS3 (27304),MOCS3,27304
MOG (4340),MOG,4340
MPHOSPH10 (10199),MPHOSPH10,10199
MRE11 (4361),MRE11,4361
MRGBP (55257),MRGBP,55257
MRPL10 (124995),MRPL10,124995
MRPL12 (6182),MRPL12,6182
MRPL13 (28998),MRPL13,28998
MRPL14 (64928),MRPL14,64928
MRPL15 (29088),MRPL15,29088
MRPL16 (54948),MRPL16,54948
MRPL18 (29074),MRPL18,29074
MRPL19 (9801),MRPL19,9801
MRPL2 (51069),MRPL2,51069
MRPL21 (219927),MRPL21,219927
MRPL27 (51264),MRPL27,51264
MRPL3 (11222),MRPL3,11222
MRPL30 (51263),MRPL30,51263
MRPL32 (64983),MRPL32,64983
MRPL33 (9553),MRPL33,9553
MRPL34 (64981),MRPL34,64981
MRPL35 (51318),MRPL35,51318
MRPL36 (64979),MRPL36,64979
MRPL38 (64978),MRPL38,64978
MRPL39 (54148),MRPL39,54148
MRPL4 (51073),MRPL4,51073
MRPL41 (64975),MRPL41,64975
MRPL43 (84545),MRPL43,84545
MRPL45 (84311),MRPL45,84311
MRPL49 (740),MRPL49,740
MRPL50 (54534),MRPL50,54534
MRPL53 (116540),MRPL53,116540
MRPL54 (116541),MRPL54,116541
MRPL55 (128308),MRPL55,128308
MRPL57 (78988),MRPL57,78988
MRPL9 (65005),MRPL9,65005
MRPS11 (64963),MRPS11,64963
MRPS12 (6183),MRPS12,6183
MRPS14 (63931),MRPS14,63931
MRPS16 (51021),MRPS16,51021
MRPS18A (55168),MRPS18A,55168
MRPS18B (28973),MRPS18B,28973
MRPS21 (54460),MRPS21,54460
MRPS22 (56945),MRPS22,56945
MRPS23 (51649),MRPS23,51649
MRPS24 (64951),MRPS24,64951
MRPS26 (64949),MRPS26,64949
MRPS27 (23107),MRPS27,23107
MRPS28 (28957),MRPS28,28957
MRPS31 (10240),MRPS31,10240
MRPS34 (65993),MRPS34,65993
MRPS35 (60488),MRPS35,60488
MRPS5 (64969),MRPS5,64969
MRPS6 (64968),MRPS6,64968
MRPS7 (51081),MRPS7,51081
MRPS9 (64965),MRPS9,64965
MRTO4 (51154),MRTO4,51154
MST1 (4485),MST1,4485
MSTO1 (55154),MSTO1,55154
MT2A (4502),MT2A,4502
MTBP (27085),MTBP,27085
MTOR (2475),MTOR,2475
MTPAP (55149),MTPAP,55149
MTREX (23517),MTREX,23517
MTRNR2L1 (100462977),MTRNR2L1,100462977
MTRNR2L8 (100463486),MTRNR2L8,100463486
MVD (4597),MVD,4597
MVK (4598),MVK,4598
MXRA7 (439921),MXRA7,439921
MYB (4602),MYB,4602
MYBBP1A (10514),MYBBP1A,10514
MYBL2 (4605),MYBL2,4605
MYC (4609),MYC,4609
MYO1H (283446),MYO1H,283446
MZT1 (440145),MZT1,440145
N6AMT1 (29104),N6AMT1,29104
NAA10 (8260),NAA10,8260
NAA15 (80155),NAA15,80155
NAA20 (51126),NAA20,51126
NAA25 (80018),NAA25,80018
NAA35 (60560),NAA35,60560
NAA50 (80218),NAA50,80218
NACA (4666),NACA,4666
NAE1 (8883),NAE1,8883
NAF1 (92345),NAF1,92345
NAGLU (4669),NAGLU,4669
NAPA (8775),NAPA,8775
NARS1 (4677),NARS1,4677
NASP (4678),NASP,4678
NAT10 (55226),NAT10,55226
NBPF10 (100132406),NBPF10,100132406
NBPF3 (84224),NBPF3,84224
NCAPD2 (9918),NCAPD2,9918
NCAPD3 (23310),NCAPD3,23310
NCAPG (64151),NCAPG,64151
NCAPG2 (54892),NCAPG2,54892
NCAPH (23397),NCAPH,23397
NCAPH2 (29781),NCAPH2,29781
NCBP1 (4686),NCBP1,4686
NCBP2 (22916),NCBP2,22916
NCL (4691),NCL,4691
NCOA4 (8031),NCOA4,8031
NDC1 (55706),NDC1,55706
NDC80 (10403),NDC80,10403
NDOR1 (27158),NDOR1,27158
NDUFA11 (126328),NDUFA11,126328
NDUFA2 (4695),NDUFA2,4695
NDUFA4 (4697),NDUFA4,4697
NDUFA5 (4698),NDUFA5,4698
NDUFAB1 (4706),NDUFAB1,4706
NDUFAF8 (284184),NDUFAF8,284184
NDUFB4 (4710),NDUFB4,4710
NDUFS3 (4722),NDUFS3,4722
NDUFS5 (4725),NDUFS5,4725
NEDD1 (121441),NEDD1,121441
NEDD8 (4738),NEDD8,4738
NELFA (7469),NELFA,7469
NELFB (25920),NELFB,25920
NELFCD (51497),NELFCD,51497
NELFE (7936),NELFE,7936
NEPRO (25871),NEPRO,25871
NFKBIE (4794),NFKBIE,4794
NFRKB (4798),NFRKB,4798
NFS1 (9054),NFS1,9054
NFYB (4801),NFYB,4801
NFYC (4802),NFYC,4802
NHLRC2 (374354),NHLRC2,374354
NHP2 (55651),NHP2,55651
NIFK (84365),NIFK,84365
NIP7 (51388),NIP7,51388
NKAP (79576),NKAP,79576
NKAPD1 (55216),NKAPD1,55216
NLE1 (54475),NLE1,54475
NMD3 (51068),NMD3,51068
NME2 (4831),NME2,4831
NMNAT1 (64802),NMNAT1,64802
NMT1 (4836),NMT1,4836
NOB1 (28987),NOB1,28987
NOC2L (26155),NOC2L,26155
NOC3L (64318),NOC3L,64318
NOC4L (79050),NOC4L,79050
NOL10 (79954),NOL10,79954
NOL11 (25926),NOL11,25926
NOL12 (79159),NOL12,79159
NOL6 (65083),NOL6,65083
NOL7 (51406),NOL7,51406
NOL8 (55035),NOL8,55035
NOL9 (79707),NOL9,79707
NOLC1 (9221),NOLC1,9221
NOM1 (64434),NOM1,64434
NOP10 (55505),NOP10,55505
NOP14 (8602),NOP14,8602
NOP16 (51491),NOP16,51491
NOP2 (4839),NOP2,4839
NOP53 (29997),NOP53,29997
NOP56 (10528),NOP56,10528
NOP58 (51602),NOP58,51602
NOP9 (161424),NOP9,161424
NOPCHAP1 (121053),NOPCHAP1,121053
NOS1AP (9722),NOS1AP,9722
NPAT (4863),NPAT,4863
NPEPPS (9520),NPEPPS,9520
NPLOC4 (55666),NPLOC4,55666
NPM1 (4869),NPM1,4869
NPM3 (10360),NPM3,10360
NRBF2 (29982),NRBF2,29982
NRBP1 (29959),NRBP1,29959
NRDE2 (55051),NRDE2,55051
NRF1 (4899),NRF1,4899
NSA2 (10412),NSA2,10412
NSF (4905),NSF,4905
NSL1 (25936),NSL1,25936
NSMCE1 (197370),NSMCE1,197370
NSMCE2 (286053),NSMCE2,286053
NSMCE3 (56160),NSMCE3,56160
NUBP1 (4682),NUBP1,4682
NUBP2 (10101),NUBP2,10101
NUDC (10726),NUDC,10726
NUDCD3 (23386),NUDCD3,23386
NUDT21 (11051),NUDT21,11051
NUF2 (83540),NUF2,83540
NUFIP1 (26747),NUFIP1,26747
NUMA1 (4926),NUMA1,4926
NUP107 (57122),NUP107,57122
NUP133 (55746),NUP133,55746
NUP153 (9972),NUP153,9972
NUP155 (9631),NUP155,9631
NUP160 (23279),NUP160,23279
NUP205 (23165),NUP205,23165
NUP214 (8021),NUP214,8021
NUP35 (129401),NUP35,129401
NUP43 (348995),NUP43,348995
NUP50 (10762),NUP50,10762
NUP54 (53371),NUP54,53371
NUP62 (23636),NUP62,23636
NUP85 (79902),NUP85,79902
NUP88 (4927),NUP88,4927
NUP93 (9688),NUP93,9688
NUP98 (4928),NUP98,4928
NUS1 (116150),NUS1,116150
NUTF2 (10204),NUTF2,10204
NUTM2A (728118),NUTM2A,728118
NVL (4931),NVL,4931
NXF1 (10482),NXF1,10482
OGDH (4967),OGDH,4967
OGT (8473),OGT,8473
OIP5 (11339),OIP5,11339
OLFML3 (56944),OLFML3,56944
OR1D2 (4991),OR1D2,4991
OR4A47 (403253),OR4A47,403253
OR4A5 (81318),OR4A5,81318
OR4F21 (441308),OR4F21,441308
OR4N2 (390429),OR4N2,390429
OR6C6 (283365),OR6C6,283365
OR7A10 (390892),OR7A10,390892
OR7A17 (26333),OR7A17,26333
ORC1 (4998),ORC1,4998
ORC4 (5000),ORC4,5000
ORC5 (5001),ORC5,5001
ORC6 (23594),ORC6,23594
OSGEP (55644),OSGEP,55644
OSTC (58505),OSTC,58505
OTOP1 (133060),OTOP1,133060
PABPC1 (26986),PABPC1,26986
PABPN1 (8106),PABPN1,8106
PAF1 (54623),PAF1,54623
PAFAH1B1 (5048),PAFAH1B1,5048
PAK1IP1 (55003),PAK1IP1,55003
PAM16 (51025),PAM16,51025
PARS2 (25973),PARS2,25973
PAXBP1 (94104),PAXBP1,94104
PC (5091),PC,5091
PCBP1 (5093),PCBP1,5093
PCBP2 (5094),PCBP2,5094
PCF11 (51585),PCF11,51585
PCID2 (55795),PCID2,55795
PCNA (5111),PCNA,5111
PCNP (57092),PCNP,57092
PDAP1 (11333),PDAP1,11333
PDCD11 (22984),PDCD11,22984
PDCD2 (5134),PDCD2,5134
PDCD5 (9141),PDCD5,9141
PDCD6 (10016),PDCD6,10016
PDCD7 (10081),PDCD7,10081
PDE4DIP (9659),PDE4DIP,9659
PDPK1 (5170),PDPK1,5170
PDRG1 (81572),PDRG1,81572
PEF1 (553115),PEF1,553115
PELO (53918),PELO,53918
PELP1 (27043),PELP1,27043
PES1 (23481),PES1,23481
PEX1 (5189),PEX1,5189
PFDN1 (5201),PFDN1,5201
PFDN2 (5202),PFDN2,5202
PFDN4 (5203),PFDN4,5203
PFDN5 (5204),PFDN5,5204
PFDN6 (10471),PFDN6,10471
PFN1 (5216),PFN1,5216
PGAM1 (5223),PGAM1,5223
PGD (5226),PGD,5226
PGK1 (5230),PGK1,5230
PGS1 (9489),PGS1,9489
PHAX (51808),PHAX,51808
PHB (5245),PHB,5245
PHB2 (11331),PHB2,11331
PHF5A (84844),PHF5A,84844
PI4KA (5297),PI4KA,5297
PIGH (5283),PIGH,5283
PIK3C3 (5289),PIK3C3,5289
PIK3R4 (30849),PIK3R4,30849
PIP5K1A (8394),PIP5K1A,8394
PKD1 (5310),PKD1,5310
PKM (5315),PKM,5315
PKMYT1 (9088),PKMYT1,9088
PLA2G10 (8399),PLA2G10,8399
PLK1 (5347),PLK1,5347
PLK4 (10733),PLK4,10733
PLRG1 (5356),PLRG1,5356
PMF1 (11243),PMF1,11243
PMPCA (23203),PMPCA,23203
PMPCB (9512),PMPCB,9512
PMS2 (5395),PMS2,5395
PNKP (11284),PNKP,11284
PNN (5411),PNN,5411
PNO1 (56902),PNO1,56902
PNPT1 (87178),PNPT1,87178
POGZ (23126),POGZ,23126
POLA1 (5422),POLA1,5422
POLA2 (23649),POLA2,23649
POLD1 (5424),POLD1,5424
POLD2 (5425),POLD2,5425
POLD3 (10714),POLD3,10714
POLE (5426),POLE,5426
POLE2 (5427),POLE2,5427
POLG2 (11232),POLG2,11232
POLR1A (25885),POLR1A,25885
POLR1B (84172),POLR1B,84172
POLR1C (9533),POLR1C,9533
POLR1E (64425),POLR1E,64425
POLR1F (221830),POLR1F,221830
POLR1H (30834),POLR1H,30834
POLR2B (5431),POLR2B,5431
POLR2C (5432),POLR2C,5432
POLR2D (5433),POLR2D,5433
POLR2E (5434),POLR2E,5434
POLR2F (5435),POLR2F,5435
POLR2G (5436),POLR2G,5436
POLR2H (5437),POLR2H,5437
POLR2I (5438),POLR2I,5438
POLR2K (5440),POLR2K,5440
POLR2L (5441),POLR2L,5441
POLR3A (11128),POLR3A,11128
POLR3B (55703),POLR3B,55703
POLR3C (10623),POLR3C,10623
POLR3D (661),POLR3D,661
POLR3E (55718),POLR3E,55718
POLR3F (10621),POLR3F,10621
POLR3H (171568),POLR3H,171568
POLR3K (51728),POLR3K,51728
POLRMT (5442),POLRMT,5442
POM121C (100101267),POM121C,100101267
POP1 (10940),POP1,10940
POP4 (10775),POP4,10775
POP5 (51367),POP5,51367
POP7 (10248),POP7,10248
POT1 (25913),POT1,25913
POTEG (404785),POTEG,404785
PPA1 (5464),PPA1,5464
PPAN (56342),PPAN,56342
PPARGC1B (133522),PPARGC1B,133522
PPIA (5478),PPIA,5478
PPIE (10450),PPIE,10450
PPIH (10465),PPIH,10465
PPIL1 (51645),PPIL1,51645
PPIL2 (23759),PPIL2,23759
PPIL4 (85313),PPIL4,85313
PPP1CA (5499),PPP1CA,5499
PPP1CB (5500),PPP1CB,5500
PPP1R10 (5514),PPP1R10,5514
PPP1R11 (6992),PPP1R11,6992
PPP1R12A (4659),PPP1R12A,4659
PPP1R14B (26472),PPP1R14B,26472
PPP1R15B (84919),PPP1R15B,84919
PPP1R2 (5504),PPP1R2,5504
PPP1R7 (5510),PPP1R7,5510
PPP1R8 (5511),PPP1R8,5511
PPP2CA (5515),PPP2CA,5515
PPP2R1A (5518),PPP2R1A,5518
PPP2R3C (55012),PPP2R3C,55012
PPP4C (5531),PPP4C,5531
PPP4R2 (151987),PPP4R2,151987
PPP6C (5537),PPP6C,5537
PPRC1 (23082),PPRC1,23082
PPWD1 (23398),PPWD1,23398
PPY (5539),PPY,5539
PRAMEF18 (391003),PRAMEF18,391003
PRC1 (9055),PRC1,9055
PRDM10 (56980),PRDM10,56980
PREB (10113),PREB,10113
PRELID1 (27166),PRELID1,27166
PRELID3B (51012),PRELID3B,51012
PRIM1 (5557),PRIM1,5557
PRKRA (8575),PRKRA,8575
PRKRIP1 (79706),PRKRIP1,79706
PRMT1 (3276),PRMT1,3276
PRMT5 (10419),PRMT5,10419
PRPF18 (8559),PRPF18,8559
PRPF19 (27339),PRPF19,27339
PRPF3 (9129),PRPF3,9129
PRPF31 (26121),PRPF31,26121
PRPF38A (84950),PRPF38A,84950
PRPF38B (55119),PRPF38B,55119
PRPF4 (9128),PRPF4,9128
PRPF40A (55660),PRPF40A,55660
PRPF4B (8899),PRPF4B,8899
PRPF6 (24148),PRPF6,24148
PRPF8 (10594),PRPF8,10594
PRRC2A (7916),PRRC2A,7916
PSAT1 (29968),PSAT1,29968
PSMA1 (5682),PSMA1,5682
PSMA2 (5683),PSMA2,5683
PSMA3 (5684),PSMA3,5684
PSMA4 (5685),PSMA4,5685
PSMA5 (5686),PSMA5,5686
PSMA6 (5687),PSMA6,5687
PSMA7 (5688),PSMA7,5688
PSMB1 (5689),PSMB1,5689
PSMB2 (5690),PSMB2,5690
PSMB3 (5691),PSMB3,5691
PSMB4 (5692),PSMB4,5692
PSMB5 (5693),PSMB5,5693
PSMB6 (5694),PSMB6,5694
PSMB7 (5695),PSMB7,5695
PSMC1 (5700),PSMC1,5700
PSMC2 (5701),PSMC2,5701
PSMC3 (5702),PSMC3,5702
PSMC4 (5704),PSMC4,5704
PSMC5 (5705),PSMC5,5705
PSMC6 (5706),PSMC6,5706
PSMD1 (5707),PSMD1,5707
PSMD11 (5717),PSMD11,5717
PSMD12 (5718),PSMD12,5718
PSMD13 (5719),PSMD13,5719
PSMD14 (10213),PSMD14,10213
PSMD2 (5708),PSMD2,5708
PSMD3 (5709),PSMD3,5709
PSMD4 (5710),PSMD4,5710
PSMD6 (9861),PSMD6,9861
PSMD7 (5713),PSMD7,5713
PSMD8 (5714),PSMD8,5714
PSME1 (5720),PSME1,5720
PSME2 (5721),PSME2,5721
PSMG2 (56984),PSMG2,56984
PSMG3 (84262),PSMG3,84262
PSMG4 (389362),PSMG4,389362
PSTK (118672),PSTK,118672
PTCD3 (55037),PTCD3,55037
PTMA (5757),PTMA,5757
PTPA (5524),PTPA,5524
PTPMT1 (114971),PTPMT1,114971
PTPN23 (25930),PTPN23,25930
PUF60 (22827),PUF60,22827
PWP1 (11137),PWP1,11137
PWP2 (5822),PWP2,5822
PYM1 (84305),PYM1,84305
PYROXD1 (79912),PYROXD1,79912
QARS1 (5859),QARS1,5859
RAB11A (8766),RAB11A,8766
RAB18 (22931),RAB18,22931
RAB6A (5870),RAB6A,5870
RABGGTA (5875),RABGGTA,5875
RABGGTB (5876),RABGGTB,5876
RAC1 (5879),RAC1,5879
RAC3 (5881),RAC3,5881
RACGAP1 (29127),RACGAP1,29127
RACK1 (10399),RACK1,10399
RAD17 (5884),RAD17,5884
RAD21 (5885),RAD21,5885
RAD51 (5888),RAD51,5888
RAD51C (5889),RAD51C,5889
RAD51D (5892),RAD51D,5892
RAD9A (5883),RAD9A,5883
RAE1 (8480),RAE1,8480
RAN (5901),RAN,5901
RANBP2 (5903),RANBP2,5903
RANGAP1 (5905),RANGAP1,5905
RARS1 (5917),RARS1,5917
RARS2 (57038),RARS2,57038
RBBP4 (5928),RBBP4,5928
RBBP5 (5929),RBBP5,5929
RBBP6 (5930),RBBP6,5930
RBBP8 (5932),RBBP8,5932
RBM14 (10432),RBM14,10432
RBM17 (84991),RBM17,84991
RBM19 (9904),RBM19,9904
RBM22 (55696),RBM22,55696
RBM25 (58517),RBM25,58517
RBM28 (55131),RBM28,55131
RBM39 (9584),RBM39,9584
RBM42 (79171),RBM42,79171
RBM48 (84060),RBM48,84060
RBM8A (9939),RBM8A,9939
RBMX (27316),RBMX,27316
RBMX2 (51634),RBMX2,51634
RBMXL1 (494115),RBMXL1,494115
RBX1 (9978),RBX1,9978
RCC1 (1104),RCC1,1104
RCC1L (81554),RCC1L,81554
RCL1 (10171),RCL1,10171
REV3L (5980),REV3L,5980
RFC2 (5982),RFC2,5982
RFC3 (5983),RFC3,5983
RFC4 (5984),RFC4,5984
RFC5 (5985),RFC5,5985
RFFL (117584),RFFL,117584
RFT1 (91869),RFT1,91869
RHEB (6009),RHEB,6009
RHOQ (23433),RHOQ,23433
RINT1 (60561),RINT1,60561
RIOK1 (83732),RIOK1,83732
RIOK2 (55781),RIOK2,55781
RMI1 (80010),RMI1,80010
RMND5A (64795),RMND5A,64795
RNF113A (7737),RNF113A,7737
RNF168 (165918),RNF168,165918
RNF20 (56254),RNF20,56254
RNF4 (6047),RNF4,6047
RNF40 (9810),RNF40,9810
RNF8 (9025),RNF8,9025
RNGTT (8732),RNGTT,8732
RNMT (8731),RNMT,8731
RNPC3 (55599),RNPC3,55599
RNPS1 (10921),RNPS1,10921
ROMO1 (140823),ROMO1,140823
RPA1 (6117),RPA1,6117
RPA2 (6118),RPA2,6118
RPA3 (6119),RPA3,6119
RPAIN (84268),RPAIN,84268
RPAP1 (26015),RPAP1,26015
RPAP2 (79871),RPAP2,79871
RPAP3 (79657),RPAP3,79657
RPE (6120),RPE,6120
RPF1 (80135),RPF1,80135
RPF2 (84154),RPF2,84154
RPL10 (6134),RPL10,6134
RPL10A (4736),RPL10A,4736
RPL11 (6135),RPL11,6135
RPL12 (6136),RPL12,6136
RPL13 (6137),RPL13,6137
RPL13A (23521),RPL13A,23521
RPL14 (9045),RPL14,9045
RPL15 (6138),RPL15,6138
RPL17 (6139),RPL17,6139
RPL18 (6141),RPL18,6141
RPL18A (6142),RPL18A,6142
RPL19 (6143),RPL19,6143
RPL21 (6144),RPL21,6144
RPL23 (9349),RPL23,9349
RPL23A (6147),RPL23A,6147
RPL24 (6152),RPL24,6152
RPL26 (6154),RPL26,6154
RPL26L1 (51121),RPL26L1,51121
RPL27 (6155),RPL27,6155
RPL27A (6157),RPL27A,6157
RPL28 (6158),RPL28,6158
RPL29 (6159),RPL29,6159
RPL3 (6122),RPL3,6122
RPL30 (6156),RPL30,6156
RPL31 (6160),RPL31,6160
RPL32 (6161),RPL32,6161
RPL34 (6164),RPL34,6164
RPL35 (11224),RPL35,11224
RPL35A (6165),RPL35A,6165
RPL36 (25873),RPL36,25873
RPL36A (6173),RPL36A,6173
RPL36AL (6166),RPL36AL,6166
RPL37 (6167),RPL37,6167
RPL37A (6168),RPL37A,6168
RPL38 (6169),RPL38,6169
RPL39 (6170),RPL39,6170
RPL4 (6124),RPL4,6124
RPL41 (6171),RPL41,6171
RPL5 (6125),RPL5,6125
RPL6 (6128),RPL6,6128
RPL7 (6129),RPL7,6129
RPL7A (6130),RPL7A,6130
RPL7L1 (285855),RPL7L1,285855
RPL8 (6132),RPL8,6132
RPL9 (6133),RPL9,6133
RPLP0 (6175),RPLP0,6175
RPLP1 (6176),RPLP1,6176
RPLP2 (6181),RPLP2,6181
RPN1 (6184),RPN1,6184
RPN2 (6185),RPN2,6185
RPP14 (11102),RPP14,11102
RPP21 (79897),RPP21,79897
RPP30 (10556),RPP30,10556
RPP38 (10557),RPP38,10557
RPP40 (10799),RPP40,10799
RPS10 (6204),RPS10,6204
RPS11 (6205),RPS11,6205
RPS12 (6206),RPS12,6206
RPS13 (6207),RPS13,6207
RPS14 (6208),RPS14,6208
RPS15 (6209),RPS15,6209
RPS15A (6210),RPS15A,6210
RPS16 (6217),RPS16,6217
RPS17 (6218),RPS17,6218
RPS18 (6222),RPS18,6222
RPS19 (6223),RPS19,6223
RPS19BP1 (91582),RPS19BP1,91582
RPS2 (6187),RPS2,6187
RPS20 (6224),RPS20,6224
RPS21 (6227),RPS21,6227
RPS23 (6228),RPS23,6228
RPS24 (6229),RPS24,6229
RPS25 (6230),RPS25,6230
RPS26 (6231),RPS26,6231
RPS27 (6232),RPS27,6232
RPS27A (6233),RPS27A,6233
RPS28 (6234),RPS28,6234
RPS29 (6235),RPS29,6235
RPS3 (6188),RPS3,6188
RPS3A (6189),RPS3A,6189
RPS4X (6191),RPS4X,6191
RPS5 (6193),RPS5,6193
RPS6 (6194),RPS6,6194
RPS7 (6201),RPS7,6201
RPS8 (6202),RPS8,6202
RPS9 (6203),RPS9,6203
RPSA (3921),RPSA,3921
RPTOR (57521),RPTOR,57521
RRM1 (6240),RRM1,6240
RRM2 (6241),RRM2,6241
RRN3 (54700),RRN3,54700
RRP1 (8568),RRP1,8568
RRP12 (23223),RRP12,23223
RRP15 (51018),RRP15,51018
RRP7A (27341),RRP7A,27341
RRP9 (9136),RRP9,9136
RRS1 (23212),RRS1,23212
RSL1D1 (26156),RSL1D1,26156
RSL24D1 (51187),RSL24D1,51187
RSRC2 (65117),RSRC2,65117
RTCB (51493),RTCB,51493
RTEL1 (51750),RTEL1,51750
RTF1 (23168),RTF1,23168
RTF2 (51507),RTF2,51507
RTRAF (51637),RTRAF,51637
RTTN (25914),RTTN,25914
RUVBL1 (8607),RUVBL1,8607
RUVBL2 (10856),RUVBL2,10856
SACM1L (22908),SACM1L,22908
SAE1 (10055),SAE1,10055
SAMM50 (25813),SAMM50,25813
SAP130 (79595),SAP130,79595
SAP18 (10284),SAP18,10284
SAP30BP (29115),SAP30BP,29115
SARNP (84324),SARNP,84324
SARS1 (6301),SARS1,6301
SARS2 (54938),SARS2,54938
SART1 (9092),SART1,9092
SART3 (9733),SART3,9733
SASS6 (163786),SASS6,163786
SBDS (51119),SBDS,51119
SBNO1 (55206),SBNO1,55206
SCFD1 (23256),SCFD1,23256
SDAD1 (55153),SDAD1,55153
SDC1 (6382),SDC1,6382
SDE2 (163859),SDE2,163859
SDHA (6389),SDHA,6389
SDHAF2 (54949),SDHAF2,54949
SDHC (6391),SDHC,6391
SDHD (6392),SDHD,6392
SEC13 (6396),SEC13,6396
SEC16A (9919),SEC16A,9919
SEC61A1 (29927),SEC61A1,29927
SEC61B (10952),SEC61B,10952
SEC61G (23480),SEC61G,23480
SEC63 (11231),SEC63,11231
SEH1L (81929),SEH1L,81929
SEM1 (7979),SEM1,7979
SENP6 (26054),SENP6,26054
SEPHS2 (22928),SEPHS2,22928
SERBP1 (26135),SERBP1,26135
SET (6418),SET,6418
SETD1A (9739),SETD1A,9739
SETDB1 (9869),SETDB1,9869
SF1 (7536),SF1,7536
SF3A1 (10291),SF3A1,10291
SF3A2 (8175),SF3A2,8175
SF3A3 (10946),SF3A3,10946
SF3B1 (23451),SF3B1,23451
SF3B2 (10992),SF3B2,10992
SF3B3 (23450),SF3B3,23450
SF3B4 (10262),SF3B4,10262
SF3B5 (83443),SF3B5,83443
SF3B6 (51639),SF3B6,51639
SFPQ (6421),SFPQ,6421
SFSWAP (6433),SFSWAP,6433
SGO1 (151648),SGO1,151648
SGPP1 (81537),SGPP1,81537
SHQ1 (55164),SHQ1,55164
SIN3A (25942),SIN3A,25942
SINHCAF (58516),SINHCAF,58516
SKA1 (220134),SKA1,220134
SKA3 (221150),SKA3,221150
SKP1 (6500),SKP1,6500
SKP2 (6502),SKP2,6502
SLBP (7884),SLBP,7884
SLC25A10 (1468),SLC25A10,1468
SLC25A26 (115286),SLC25A26,115286
SLC25A3 (5250),SLC25A3,5250
SLC29A4 (222962),SLC29A4,222962
SLC35B1 (10237),SLC35B1,10237
SLC39A7 (7922),SLC39A7,7922
SLC4A5 (57835),SLC4A5,57835
SLC7A5 (8140),SLC7A5,8140
SLC7A6OS (84138),SLC7A6OS,84138
SLC9B1 (150159),SLC9B1,150159
SLU7 (10569),SLU7,10569
SLX9 (85395),SLX9,85395
SMARCB1 (6598),SMARCB1,6598
SMARCE1 (6605),SMARCE1,6605
SMC1A (8243),SMC1A,8243
SMC2 (10592),SMC2,10592
SMC3 (9126),SMC3,9126
SMC4 (10051),SMC4,10051
SMC5 (23137),SMC5,23137
SMG1 (23049),SMG1,23049
SMG5 (23381),SMG5,23381
SMG6 (23293),SMG6,23293
SMNDC1 (10285),SMNDC1,10285
SMU1 (55234),SMU1,55234
SMUG1 (23583),SMUG1,23583
SNAPC1 (6617),SNAPC1,6617
SNAPC2 (6618),SNAPC2,6618
SNAPC3 (6619),SNAPC3,6619
SNAPC4 (6621),SNAPC4,6621
SNAPC5 (10302),SNAPC5,10302
SNF8 (11267),SNF8,11267
SNIP1 (79753),SNIP1,79753
SNRNP200 (23020),SNRNP200,23020
SNRNP25 (79622),SNRNP25,79622
SNRNP27 (11017),SNRNP27,11017
SNRNP35 (11066),SNRNP35,11066
SNRNP40 (9410),SNRNP40,9410
SNRNP48 (154007),SNRNP48,154007
SNRNP70 (6625),SNRNP70,6625
SNRPA1 (6627),SNRPA1,6627
SNRPB (6628),SNRPB,6628
SNRPC (6631),SNRPC,6631
SNRPD1 (6632),SNRPD1,6632
SNRPD2 (6633),SNRPD2,6633
SNRPD3 (6634),SNRPD3,6634
SNRPE (6635),SNRPE,6635
SNRPF (6636),SNRPF,6636
SNRPG (6637),SNRPG,6637
SNU13 (4809),SNU13,4809
SNUPN (10073),SNUPN,10073
SNW1 (22938),SNW1,22938
SOD1 (6647),SOD1,6647
SOD2 (6648),SOD2,6648
SON (6651),SON,6651
SP2 (6668),SP2,6668
SPATA31A6 (389730),SPATA31A6,389730
SPATA5 (166378),SPATA5,166378
SPATA5L1 (79029),SPATA5L1,79029
SPC24 (147841),SPC24,147841
SPC25 (57405),SPC25,57405
SPCS2 (9789),SPCS2,9789
SPCS3 (60559),SPCS3,60559
SPDL1 (54908),SPDL1,54908
SPDYE1 (285955),SPDYE1,285955
SPDYE3 (441272),SPDYE3,441272
SPOUT1 (51490),SPOUT1,51490
SPRTN (83932),SPRTN,83932
SPTLC1 (10558),SPTLC1,10558
SPTSSA (171546),SPTSSA,171546
SRBD1 (55133),SRBD1,55133
SRCAP (10847),SRCAP,10847
SRF (6722),SRF,6722
SRFBP1 (153443),SRFBP1,153443
SRP14 (6727),SRP14,6727
SRP19 (6728),SRP19,6728
SRP54 (6729),SRP54,6729
SRP68 (6730),SRP68,6730
SRP72 (6731),SRP72,6731
SRP9 (6726),SRP9,6726
SRPRA (6734),SRPRA,6734
SRPRB (58477),SRPRB,58477
SRRM1 (10250),SRRM1,10250
SRRM2 (23524),SRRM2,23524
SRRT (51593),SRRT,51593
SRSF1 (6426),SRSF1,6426
SRSF10 (10772),SRSF10,10772
SRSF11 (9295),SRSF11,9295
SRSF2 (6427),SRSF2,6427
SRSF3 (6428),SRSF3,6428
SRSF6 (6431),SRSF6,6431
SRSF7 (6432),SRSF7,6432
SS18L2 (51188),SS18L2,51188
SSB (6741),SSB,6741
SSBP3 (23648),SSBP3,23648
SSRP1 (6749),SSRP1,6749
SSU72 (29101),SSU72,29101
ST13 (6767),ST13,6767
ST20 (400410),ST20,400410
STAT5A (6776),STAT5A,6776
STIL (6491),STIL,6491
STRAP (11171),STRAP,11171
STRIP1 (85369),STRIP1,85369
STX18 (53407),STX18,53407
STX5 (6811),STX5,6811
SUGP1 (57794),SUGP1,57794
SUGT1 (10910),SUGT1,10910
SUMO2 (6613),SUMO2,6613
SUPT16H (11198),SUPT16H,11198
SUPT4H1 (6827),SUPT4H1,6827
SUPT5H (6829),SUPT5H,6829
SUPT6H (6830),SUPT6H,6830
SUPV3L1 (6832),SUPV3L1,6832
SURF6 (6838),SURF6,6838
SYF2 (25949),SYF2,25949
SYMPK (8189),SYMPK,8189
SYS1 (90196),SYS1,90196
TACC3 (10460),TACC3,10460
TADA2A (6871),TADA2A,6871
TAF1 (6872),TAF1,6872
TAF10 (6881),TAF10,6881
TAF12 (6883),TAF12,6883
TAF1A (9015),TAF1A,9015
TAF1B (9014),TAF1B,9014
TAF1C (9013),TAF1C,9013
TAF1D (79101),TAF1D,79101
TAF2 (6873),TAF2,6873
TAF5 (6877),TAF5,6877
TAF6 (6878),TAF6,6878
TAF7 (6879),TAF7,6879
TAF8 (129685),TAF8,129685
TAMM41 (132001),TAMM41,132001
TANGO6 (79613),TANGO6,79613
TARDBP (23435),TARDBP,23435
TARS1 (6897),TARS1,6897
TARS2 (80222),TARS2,80222
TBCA (6902),TBCA,6902
TBCB (1155),TBCB,1155
TBCC (6903),TBCC,6903
TBCD (6904),TBCD,6904
TBCE (6905),TBCE,6905
TBL3 (10607),TBL3,10607
TBP (6908),TBP,6908
TCERG1 (10915),TCERG1,10915
TCOF1 (6949),TCOF1,6949
TCP1 (6950),TCP1,6950
TDGF1 (6997),TDGF1,6997
TEDC1 (283643),TEDC1,283643
TEDC2 (80178),TEDC2,80178
TELO2 (9894),TELO2,9894
TEN1 (100134934),TEN1,100134934
TEPSIN (146705),TEPSIN,146705
TERF1 (7013),TERF1,7013
TERF2 (7014),TERF2,7014
TEX10 (54881),TEX10,54881
TFAM (7019),TFAM,7019
TFB2M (64216),TFB2M,64216
TFDP1 (7027),TFDP1,7027
TFIP11 (24144),TFIP11,24144
TFRC (7037),TFRC,7037
TGS1 (96764),TGS1,96764
THAP1 (55145),THAP1,55145
THAP11 (57215),THAP11,57215
THAP12 (5612),THAP12,5612
THG1L (54974),THG1L,54974
THOC1 (9984),THOC1,9984
THOC2 (57187),THOC2,57187
THOC3 (84321),THOC3,84321
THOC5 (8563),THOC5,8563
THOC6 (79228),THOC6,79228
THOC7 (80145),THOC7,80145
TICRR (90381),TICRR,90381
TIGD1 (200765),TIGD1,200765
TIMELESS (8914),TIMELESS,8914
TIMM10 (26519),TIMM10,26519
TIMM13 (26517),TIMM13,26517
TIMM22 (29928),TIMM22,29928
TIMM23 (100287932),TIMM23,100287932
TIMM29 (90580),TIMM29,90580
TIMM44 (10469),TIMM44,10469
TIMM8A (1678),TIMM8A,1678
TINF2 (26277),TINF2,26277
TIPIN (54962),TIPIN,54962
TLK2 (11011),TLK2,11011
TLN1 (7094),TLN1,7094
TMA16 (55319),TMA16,55319
TMA7 (51372),TMA7,51372
TMED2 (10959),TMED2,10959
TMEM199 (147007),TMEM199,147007
TMEM230 (29058),TMEM230,29058
TMEM258 (746),TMEM258,746
TMSB10 (9168),TMSB10,9168
TNNT2 (7139),TNNT2,7139
TNPO3 (23534),TNPO3,23534
TOMM20 (9804),TOMM20,9804
TOMM22 (56993),TOMM22,56993
TOMM40 (10452),TOMM40,10452
TONSL (4796),TONSL,4796
TOP1 (7150),TOP1,7150
TOP2A (7153),TOP2A,7153
TOP3A (7156),TOP3A,7156
TOPBP1 (11073),TOPBP1,11073
TOR2A (27433),TOR2A,27433
TP53RK (112858),TP53RK,112858
TPI1 (7167),TPI1,7167
TPM4 (7171),TPM4,7171
TPR (7175),TPR,7175
TPT1 (7178),TPT1,7178
TPX2 (22974),TPX2,22974
TRA2B (6434),TRA2B,6434
TRAIP (10293),TRAIP,10293
TRAPPC1 (58485),TRAPPC1,58485
TRAPPC11 (60684),TRAPPC11,60684
TRAPPC3 (27095),TRAPPC3,27095
TRAPPC4 (51399),TRAPPC4,51399
TRAPPC5 (126003),TRAPPC5,126003
TRAPPC8 (22878),TRAPPC8,22878
TREML2 (79865),TREML2,79865
TRIAP1 (51499),TRIAP1,51499
TRIM48 (79097),TRIM48,79097
TRMT112 (51504),TRMT112,51504
TRMT5 (57570),TRMT5,57570
TRNT1 (51095),TRNT1,51095
TRRAP (8295),TRRAP,8295
TSEN2 (80746),TSEN2,80746
TSEN34 (79042),TSEN34,79042
TSEN54 (283989),TSEN54,283989
TSFM (10102),TSFM,10102
TSG101 (7251),TSG101,7251
TSPYL5 (85453),TSPYL5,85453
TSR1 (55720),TSR1,55720
TSR2 (90121),TSR2,90121
TTC1 (7265),TTC1,7265
TTC27 (55622),TTC27,55622
TTC4 (7268),TTC4,7268
TTF2 (8458),TTF2,8458
TTI1 (9675),TTI1,9675
TTI2 (80185),TTI2,80185
TTK (7272),TTK,7272
TUBA1B (10376),TUBA1B,10376
TUBA1C (84790),TUBA1C,84790
TUBB (203068),TUBB,203068
TUBE1 (51175),TUBE1,51175
TUBG1 (7283),TUBG1,7283
TUBGCP2 (10844),TUBGCP2,10844
TUBGCP3 (10426),TUBGCP3,10426
TUBGCP4 (27229),TUBGCP4,27229
TUBGCP5 (114791),TUBGCP5,114791
TUBGCP6 (85378),TUBGCP6,85378
TUT1 (64852),TUT1,64852
TWF1 (5756),TWF1,5756
TXN (7295),TXN,7295
TXNL4A (10907),TXNL4A,10907
TXNL4B (54957),TXNL4B,54957
U2AF2 (11338),U2AF2,11338
U2SURP (23350),U2SURP,23350
UBA1 (7317),UBA1,7317
UBA2 (10054),UBA2,10054
UBA3 (9039),UBA3,9039
UBA5 (79876),UBA5,79876
UBA52 (7311),UBA52,7311
UBAP1 (51271),UBAP1,51271
UBE2D3 (7323),UBE2D3,7323
UBE2I (7329),UBE2I,7329
UBE2L3 (7332),UBE2L3,7332
UBE2M (9040),UBE2M,9040
UBE2N (7334),UBE2N,7334
UBE2Q2L (100505679),UBE2Q2L,100505679
UBL5 (59286),UBL5,59286
UBQLN4 (56893),UBQLN4,56893
UBR4 (23352),UBR4,23352
UBR5 (51366),UBR5,51366
UBTF (7343),UBTF,7343
UFD1 (7353),UFD1,7353
UFM1 (51569),UFM1,51569
UPF1 (5976),UPF1,5976
UPF2 (26019),UPF2,26019
UPF3A (65110),UPF3A,65110
UQCRB (7381),UQCRB,7381
UQCRC2 (7385),UQCRC2,7385
UQCRFS1 (7386),UQCRFS1,7386
UQCRQ (27089),UQCRQ,27089
URB1 (9875),URB1,9875
URB2 (9816),URB2,9816
URI1 (8725),URI1,8725
URM1 (81605),URM1,81605
UROD (7389),UROD,7389
USF2 (7392),USF2,7392
USP10 (9100),USP10,9100
USP36 (57602),USP36,57602
USP39 (10713),USP39,10713
USP5 (8078),USP5,8078
USP7 (7874),USP7,7874
USP8 (9101),USP8,9101
USP9X (8239),USP9X,8239
USPL1 (10208),USPL1,10208
UTP11 (51118),UTP11,51118
UTP15 (84135),UTP15,84135
UTP18 (51096),UTP18,51096
UTP20 (27340),UTP20,27340
UTP23 (84294),UTP23,84294
UTP25 (27042),UTP25,27042
UTP3 (57050),UTP3,57050
UTP4 (84916),UTP4,84916
UTP6 (55813),UTP6,55813
UXS1 (80146),UXS1,80146
UXT (8409),UXT,8409
VARS1 (7407),VARS1,7407
VARS2 (57176),VARS2,57176
VBP1 (7411),VBP1,7411
VCP (7415),VCP,7415
VDAC1 (7416),VDAC1,7416
VHL (7428),VHL,7428
VIRMA (25962),VIRMA,25962
VMP1 (81671),VMP1,81671
VPS13D (55187),VPS13D,55187
VPS18 (57617),VPS18,57617
VPS25 (84313),VPS25,84313
VPS28 (51160),VPS28,51160
VPS29 (51699),VPS29,51699
VPS33A (65082),VPS33A,65082
VPS35 (55737),VPS35,55737
VPS41 (27072),VPS41,27072
VPS51 (738),VPS51,738
WARS1 (7453),WARS1,7453
WASHC2C (253725),WASHC2C,253725
WBP1 (23559),WBP1,23559
WBP11 (51729),WBP11,51729
WDHD1 (11169),WDHD1,11169
WDR12 (55759),WDR12,55759
WDR18 (57418),WDR18,57418
WDR24 (84219),WDR24,84219
WDR25 (79446),WDR25,79446
WDR3 (10885),WDR3,10885
WDR4 (10785),WDR4,10785
WDR43 (23160),WDR43,23160
WDR46 (9277),WDR46,9277
WDR5 (11091),WDR5,11091
WDR55 (54853),WDR55,54853
WDR61 (80349),WDR61,80349
WDR7 (23335),WDR7,23335
WDR70 (55100),WDR70,55100
WDR74 (54663),WDR74,54663
WDR75 (84128),WDR75,84128
WDR77 (79084),WDR77,79084
WDR82 (80335),WDR82,80335
WEE1 (7465),WEE1,7465
WNK1 (65125),WNK1,65125
XAB2 (56949),XAB2,56949
XPO1 (7514),XPO1,7514
XPO5 (57510),XPO5,57510
XPOT (11260),XPOT,11260
XRCC1 (7515),XRCC1,7515
XRCC2 (7516),XRCC2,7516
XRCC3 (7517),XRCC3,7517
XRCC5 (7520),XRCC5,7520
XRCC6 (2547),XRCC6,2547
XRN1 (54464),XRN1,54464
XRN2 (22803),XRN2,22803
YAE1 (57002),YAE1,57002
YARS1 (8565),YARS1,8565
YARS2 (51067),YARS2,51067
YBX1 (4904),YBX1,4904
YEATS2 (55689),YEATS2,55689
YEATS4 (8089),YEATS4,8089
YJU2 (55702),YJU2,55702
YJU2B (81576),YJU2B,81576
YKT6 (10652),YKT6,10652
YPEL1 (29799),YPEL1,29799
YPEL5 (51646),YPEL5,51646
YRDC (79693),YRDC,79693
YTHDC1 (91746),YTHDC1,91746
YWHAZ (7534),YWHAZ,7534
YY1 (7528),YY1,7528
ZBTB11 (27107),ZBTB11,27107
ZBTB17 (7709),ZBTB17,7709
ZC3H18 (124245),ZC3H18,124245
ZC3H8 (84524),ZC3H8,84524
ZCCHC9 (84240),ZCCHC9,84240
ZCRB1 (85437),ZCRB1,85437
ZFC3H1 (196441),ZFC3H1,196441
ZFP69B (65243),ZFP69B,65243
ZMAT2 (153527),ZMAT2,153527
ZMAT5 (55954),ZMAT5,55954
ZNF131 (7690),ZNF131,7690
ZNF207 (7756),ZNF207,7756
ZNF253 (56242),ZNF253,56242
ZNF254 (9534),ZNF254,9534
ZNF273 (10793),ZNF273,10793
ZNF284 (342909),ZNF284,342909
ZNF317 (57693),ZNF317,57693
ZNF335 (63925),ZNF335,63925
ZNF407 (55628),ZNF407,55628
ZNF492 (57615),ZNF492,57615
ZNF559 (84527),ZNF559,84527
ZNF574 (64763),ZNF574,64763
ZNF658 (26149),ZNF658,26149
ZNF674 (641339),ZNF674,641339
ZNF687 (57592),ZNF687,57592
ZNF763 (284390),ZNF763,284390
ZNF830 (91603),ZNF830,91603
ZNHIT2 (741),ZNHIT2,741
ZNHIT3 (9326),ZNHIT3,9326
ZNHIT6 (54680),ZNHIT6,54680
ZPR1 (8882),ZPR1,8882
ZRSR2 (8233),ZRSR2,8233
ZW10 (9183),ZW10,9183
